{
    "display": {
        "icon": {
            "id": "minecraft:elytra",
            "count": 1,
            "components": {
                "minecraft:damage": 432,
                "minecraft:enchantments": {
                    "minecraft:unbreaking": 1
                }
            }
        },
        "title": {
            "translate": "The flying one",
            "color": "aqua"
        },
        "description": {
            "translate": "Fly with elytras 20 kilometers",
            "color": "white"
        },
        "frame": "challenge"
    },
    "parent": "skyblock:end/get_elytra",
    "criteria": {
        "requirement": {
            "trigger": "minecraft:tick",
            "conditions": {
                "player": {
                    "type_specific": {
                        "type": "minecraft:player",
                        "stats": [
                            {
                                "type": "minecraft:custom",
                                "stat": "minecraft:aviate_one_cm",
                                "value": {
                                    "min": 2000000
                                }
                            }
                        ]
                    }
                }
            }
        }
    },
    "rewards": {
        "experience": 500
    }
}
