{
	"display": {
		"icon": {
			"count": 1,
			"id": "minecraft:lingering_potion"
		},
		"title": {
			"translate": "To create clouds",
			"color": "aqua"
		},
		"description": {
			"translate": "Create a lingering potion",
			"color": "white"
		}
	},
	"parent": "skyblock:end/get_dragon_breath",
	"criteria": {
		"requirement": {
			"trigger": "minecraft:inventory_changed",
			"conditions": {
				"items": [
					{
						"items": [
							"minecraft:lingering_potion"
						]
					}
				]
			}
		}
	}
}
