{
    "type": "minecraft:fishing",
    "pools": [
        {
            "rolls": 1,
            "bonus_rolls": 0,
            "entries": [
                {
                    "type": "minecraft:loot_table",
                    "value": "minecraft:gameplay/fishing/junk",
                    "weight": 10,
                    "quality": -2
                },
                {
                    "type": "minecraft:loot_table",
                    "value": "minecraft:gameplay/fishing/treasure",
                    "weight": 5,
                    "quality": 2
                },
                {
                    "type": "minecraft:loot_table",
                    "value": "minecraft:gameplay/fishing/fish",
                    "weight": 85,
                    "quality": -1
                }
            ]
        }
    ]
}
