{
	"display": {
		"icon": {
			"count": 1,
			"id": "minecraft:end_portal_frame"
		},
		"title": {
			"translate": "The ending moment",
			"color": "aqua"
		},
		"description": {
			"translate": "Start building the portal to the end, think carefully before doing it",
			"color": "white"
		}
	},
	"parent": "skyblock:skyblock/nether",
	"criteria": {
		"requirement": {
            "trigger": "minecraft:item_used_on_block",
            "conditions": {
                "location": [
                    {
                        "condition": "minecraft:match_tool",
                        "predicate": {
                            "items": [
                                "minecraft:ender_eye"
                            ]
                        }
                    },
                    {
                        "condition": "minecraft:location_check",
                        "predicate": {
                            "block": {
                                "blocks": [
                                    "minecraft:end_portal_frame"
                                ]
                            }
                        }
                    }
                ]
            }
        }
	}
}
