{
	"display": {
		"icon": {
			"count": 1,
			"id": "minecraft:potion",
			"components": {
                "minecraft:enchantments": {
                    "minecraft:unbreaking": 1
                }
            }
		},
		"title": {
			"translate": "To cast spells",
			"color": "aqua"
		},
		"description": {
			"translate": "Brew your first potion",
			"color": "white"
		}
	},
	"parent": "skyblock:nether/get_brewing_stand",
	"criteria": {
		"brew_potion": {
			"trigger": "minecraft:brewed_potion"
		}
	}
}
