{
	"display": {
		"icon": {
			"count": 1,
			"id": "minecraft:splash_potion",
			"components": {
                "minecraft:enchantments": {
                    "minecraft:unbreaking": 1
                }
            }
		},
		"title": {
			"translate": "To resurrect",
			"color": "aqua"
		},
		"description": {
			"translate": "Cure a zombie villager",
			"color": "white"
		}
	},
	"parent": "skyblock:nether/get_brewing_stand",
	"criteria": {
		"cured_zombie_villager": {
			"trigger": "minecraft:cured_zombie_villager"
		}
	}
}
