{
	"display": {
		"icon": {
			"count": 1,
			"id": "minecraft:iron_pickaxe",
			"components": {
                "minecraft:enchantments": {
                    "minecraft:unbreaking": 1
                }
            }
		},
		"title": {
			"translate": "Smooth as silk",
			"color": "aqua"
		},
		"description": {
			"translate": "Enchant something with silk touch",
			"color": "white"
		}
	},
	"parent": "skyblock:nether/enchant_item",
	"criteria": {
		"enchant": {
			"trigger": "minecraft:enchanted_item",
			"conditions": {
				"item": {
					"enchantments": [
						{
							"enchantment": "minecraft:silk_touch"
						}
					]
				}
			}
		}
	}
}
