{
	"display": {
		"icon": {
			"count": 1,
			"id": "minecraft:brewing_stand"
		},
		"title": {
			"translate": "Sorcerer's apprentice",
			"color": "aqua"
		},
		"description": {
			"translate": "Craft a brewing stand",
			"color": "white"
		}
	},
	"parent": "skyblock:nether/get_blaze_rod",
	"criteria": {
		"get_brewing_stand": {
			"trigger": "minecraft:inventory_changed",
			"conditions": {
				"items": [
					{
						"items": [
							"minecraft:brewing_stand"
						]
					}
				]
			}
		}
	}
}
