{
	"display": {
		"icon": {
			"count": 1,
			"id": "minecraft:nether_wart"
		},
		"title": {
			"translate": "Warts from beyond",
			"color": "aqua"
		},
		"description": {
			"translate": "Get 64 nether warts",
			"color": "white"
		}
	},
	"parent": "skyblock:nether/get_soul_sand",
	"criteria": {
		"nether_wart": {
			"trigger": "minecraft:inventory_changed",
			"conditions": {
				"items": [
					{
						"items": [
							"minecraft:nether_wart"
						],
						"count": 64
					}
				]
			}
		}
	}
}
