{
	"display": {
		"icon": {
			"count": 1,
			"id": "minecraft:iron_boots",
			"components": {
                "minecraft:enchantments": {
                    "minecraft:unbreaking": 1
                }
            }
		},
		"title": {
			"translate": "Nether explorer",
			"color": "aqua"
		},
		"description": {
			"translate": "Reach all 5 nether biomes",
			"color": "white"
		}
	},
	"parent": "skyblock:nether/get_64_gold_nugget",
	"criteria": {
		"nether_wastes": {
			"trigger": "minecraft:location",
			"conditions": {
				"player": {
					"location": {
						"biomes": "minecraft:nether_wastes"
					}
				}
			}
		},
		"basalt_deltas": {
			"trigger": "minecraft:location",
			"conditions": {
				"player": {
					"location": {
						"biomes": "minecraft:basalt_deltas"
					}
				}
			}
		},
		"soul_sand_valley": {
			"trigger": "minecraft:location",
			"conditions": {
				"player": {
					"location": {
						"biomes": "minecraft:soul_sand_valley"
					}
				}
			}
		},
		"warped_forest": {
			"trigger": "minecraft:location",
			"conditions": {
				"player": {
					"location": {
						"biomes": "minecraft:warped_forest"
					}
				}
			}
		},
		"crimson_forest": {
			"trigger": "minecraft:location",
			"conditions": {
				"player": {
					"location": {
						"biomes": "minecraft:crimson_forest"
					}
				}
			}
		}
	}
}
