{
    "type": "minecraft:crafting_shaped",
    "pattern": [
        " # ",
        "#S#",
        " # "
    ],
    "key": {
        "S": [
            {
                "item": "minecraft:blackstone"
            },
            {
                "item": "minecraft:cobblestone"
            },
            {
                "item": "minecraft:cobbled_deepslate"
            }
        ],
        "#": {
            "item": "minecraft:gunpowder"
        }
    },
    "result": {
        "id": "minecraft:tuff",
        "count": 1
    }
}
