{"stats":{"minecraft:custom":{"minecraft:interact_with_furnace":11,"minecraft:mob_kills":4,"minecraft:interact_with_crafting_table":55,"minecraft:leave_game":6,"minecraft:time_since_death":88973,"minecraft:time_since_rest":89000,"minecraft:sprint_one_cm":55952,"minecraft:damage_taken":600,"minecraft:walk_one_cm":312000,"minecraft:drop":5,"minecraft:damage_dealt":594,"minecraft:swim_one_cm":542,"minecraft:fly_one_cm":106400,"minecraft:open_chest":43,"minecraft:crouch_one_cm":91766,"minecraft:play_time":168162,"minecraft:deaths":2,"minecraft:sneak_time":23063,"minecraft:walk_under_water_one_cm":234,"minecraft:jump":1294,"minecraft:walk_on_water_one_cm":9901,"minecraft:total_world_time":168162,"minecraft:fall_one_cm":9446},"minecraft:crafted":{"minecraft:oak_planks":268,"minecraft:cobblestone_slab":558,"minecraft:crafting_table":1,"minecraft:wooden_pickaxe":2,"minecraft:furnace":1,"minecraft:bone_meal":9,"minecraft:stone_axe":2,"minecraft:bread":1,"minecraft:air":0,"minecraft:oak_trapdoor":20,"minecraft:charcoal":11,"minecraft:stick":24,"minecraft:stone_pickaxe":6,"minecraft:stone_sword":2,"minecraft:torch":12,"minecraft:stone_hoe":1},"minecraft:dropped":{"minecraft:stone_axe":1,"minecraft:cobblestone":1,"minecraft:stick":1,"minecraft:oak_sapling":1,"minecraft:stone_pickaxe":1},"minecraft:used":{"minecraft:wheat_seeds":25,"minecraft:water_bucket":7,"minecraft:stone_sword":13,"minecraft:stone_pickaxe":684,"minecraft:oak_planks":3,"minecraft:chest":2,"minecraft:wooden_pickaxe":93,"minecraft:cobblestone_slab":593,"minecraft:stone_hoe":14,"minecraft:rotten_flesh":7,"minecraft:torch":9,"minecraft:dirt":104,"minecraft:crafting_table":1,"minecraft:lava_bucket":8,"minecraft:bread":1,"minecraft:stone_axe":111,"minecraft:cobblestone":309,"minecraft:furnace":1,"minecraft:oak_sapling":27,"minecraft:bucket":14,"minecraft:ice":1,"minecraft:bone_meal":9},"minecraft:killed":{"minecraft:spider":1,"minecraft:skeleton":1,"minecraft:zombie":1},"minecraft:mined":{"minecraft:oak_sapling":2,"minecraft:dandelion":9,"minecraft:torch":1,"minecraft:grass_block":34,"minecraft:poppy":1,"minecraft:chest":2,"minecraft:tall_grass":11,"minecraft:cobblestone":718,"minecraft:oak_planks":3,"minecraft:moss_block":1,"minecraft:oxeye_daisy":2,"minecraft:wall_torch":2,"minecraft:wheat":14,"minecraft:ice":1,"minecraft:azure_bluet":1,"minecraft:grass":54,"minecraft:oak_log":111,"minecraft:cobblestone_slab":56,"minecraft:dirt":73,"minecraft:stone":1,"minecraft:oak_leaves":6},"minecraft:picked_up":{"minecraft:wheat":12,"minecraft:azure_bluet":1,"minecraft:ice":1,"minecraft:oak_log":111,"minecraft:string":2,"minecraft:dirt":107,"minecraft:bone":3,"minecraft:wheat_seeds":41,"minecraft:stone_pickaxe":1,"minecraft:cobblestone_slab":66,"minecraft:poppy":1,"minecraft:moss_block":1,"minecraft:chest":2,"minecraft:oak_planks":3,"minecraft:stick":32,"minecraft:torch":3,"minecraft:dandelion":9,"minecraft:lava_bucket":1,"minecraft:arrow":4,"minecraft:rotten_flesh":7,"minecraft:stone_axe":1,"minecraft:oak_sapling":36,"minecraft:ender_pearl":1,"minecraft:cobblestone":680,"minecraft:oxeye_daisy":2},"minecraft:broken":{"minecraft:stone_pickaxe":5,"minecraft:wooden_pickaxe":1}},"DataVersion":3578}