{
    "criteria": {
        "requirement": {
            "trigger": "minecraft:location",
            "conditions": {
                "player": {
                    "location": {
                        "position": {
                            "x": {
                                "min": 144,
                                "max": 239
                            },
                            "z": {
                                "min": -96,
                                "max": -49
                            }
                        },
                        "dimension": "minecraft:overworld"
                    }
                }
            }
        }
    },
    "rewards": {
        "function": "skyblock:world_changes/update_biomes"
    }
}