{
    "criteria": {
        "requirement": {
            "trigger": "minecraft:inventory_changed",
            "conditions": {
                "player": {
                    "type_specific": {
                        "type": "player"
                    }
                },
                "items": [
                    {
                        "items": [
                            "minecraft:suspicious_stew"
                        ],
                        "components": {
                            "minecraft:suspicious_stew_effects": [
                                {
                                    "id": "minecraft:regeneration"
                                }
                            ]
                        }
                    }
                ]
            }
        }
    },
    "rewards": {
        "function": "skyblock:advancements/suspicius_stew_8"
    }
}
