{
  "parent": "minecraft:recipes/root",
  "criteria": {
    "has_rotten_flesh": {
      "trigger": "minecraft:inventory_changed",
      "conditions": {
        "items": [
          {
            "items": [
              "minecraft:rotten_flesh"
            ]
          }
        ]
      }
    },
	"has_the_recipe": {
      "conditions": {
        "recipe": "minecraft:red_sand"
      },
      "trigger": "minecraft:recipe_unlocked"
	}
  },
  "requirements": [
    [
      "has_rotten_flesh",
      "has_the_recipe"
    ]
  ],
  "rewards": {
    "recipes": [
      "minecraft:red_sand"
    ]
  }
}