{
  "parent": "minecraft:recipes/root",
  "criteria": {
    "has_piglin": {
      "trigger": "minecraft:inventory_changed",
      "conditions": {
        "items": [
          {
            "items": [
              "minecraft:sand"
            ]
          }
        ]
      }
    },
	"has_the_recipe": {
      "conditions": {
        "recipe": "minecraft:suspicious_sand"
      },
      "trigger": "minecraft:recipe_unlocked"
	}
  },
  "requirements": [
    [
      "has_piglin",
      "has_the_recipe"
    ]
  ],
  "rewards": {
    "recipes": [
      "minecraft:suspicious_sand"
    ]
  }
}