{
	"type": "minecraft:entity",
	"pools": [
		{
		"rolls": 1,
		"bonus_rolls": 0,
		"entries": [
			{
				"type": "minecraft:item",
				"name": "minecraft:stone_button",
				"functions": [
					{
						"function": "minecraft:set_count",
						"count": 1
					},
					{
						"function": "minecraft:set_custom_data",
						"tag": "{skyblock:{tag:allay},NoGravity:1b,PickupDelay:32767,Invunerable:1b}"
					}
				],
				"conditions": [
					{
						"condition": "minecraft:random_chance",
						"chance": 0.05
					}
				]
			}
		]
	}
	]
}