{
	"display": {
		"icon": {
			"count": 1,
			"id": "minecraft:diamond_boots",
			"components": {
                "minecraft:enchantments": {
                    "minecraft:unbreaking": 1
                }
            }
		},
		"title": {
			"translate": "Adventuring time",
			"color": "aqua"
		},
		"description": {
			"translate": "Visit all available biomes in the overworld",
			"color": "white"
		},
		"frame": "challenge"
	},
	"parent": "skyblock:forest_island/plant_all_saplings",
	"criteria": {
		"minecraft:badlands": {
			"trigger": "minecraft:location",
			"conditions": {
				"player": [
					{
						"condition": "minecraft:entity_properties",
						"entity": "this",
						"predicate": {
							"location": {
								"biomes": "minecraft:badlands"
							}
						}
					}
				]
			}
		},
		"minecraft:bamboo_jungle": {
			"trigger": "minecraft:location",
			"conditions": {
				"player": [
					{
						"condition": "minecraft:entity_properties",
						"entity": "this",
						"predicate": {
							"location": {
								"biomes": "minecraft:bamboo_jungle"
							}
						}
					}
				]
			}
		},
		"minecraft:beach": {
			"trigger": "minecraft:location",
			"conditions": {
				"player": [
					{
						"condition": "minecraft:entity_properties",
						"entity": "this",
						"predicate": {
							"location": {
								"biomes": "minecraft:beach"
							}
						}
					}
				]
			}
		},
		"minecraft:birch_forest": {
			"trigger": "minecraft:location",
			"conditions": {
				"player": [
					{
						"condition": "minecraft:entity_properties",
						"entity": "this",
						"predicate": {
							"location": {
								"biomes": "minecraft:birch_forest"
							}
						}
					}
				]
			}
		},
		"minecraft:dark_forest": {
			"trigger": "minecraft:location",
			"conditions": {
				"player": [
					{
						"condition": "minecraft:entity_properties",
						"entity": "this",
						"predicate": {
							"location": {
								"biomes": "minecraft:dark_forest"
							}
						}
					}
				]
			}
		},
		"minecraft:deep_dark": {
			"trigger": "minecraft:location",
			"conditions": {
				"player": [
					{
						"condition": "minecraft:entity_properties",
						"entity": "this",
						"predicate": {
							"location": {
								"biomes": "minecraft:deep_dark"
							}
						}
					}
				]
			}
		},
		"minecraft:deep_ocean": {
			"trigger": "minecraft:location",
			"conditions": {
				"player": [
					{
						"condition": "minecraft:entity_properties",
						"entity": "this",
						"predicate": {
							"location": {
								"biomes": "minecraft:deep_ocean"
							}
						}
					}
				]
			}
		},
		"minecraft:desert": {
			"trigger": "minecraft:location",
			"conditions": {
				"player": [
					{
						"condition": "minecraft:entity_properties",
						"entity": "this",
						"predicate": {
							"location": {
								"biomes": "minecraft:desert"
							}
						}
					}
				]
			}
		},
		"minecraft:dripstone_caves": {
			"trigger": "minecraft:location",
			"conditions": {
				"player": [
					{
						"condition": "minecraft:entity_properties",
						"entity": "this",
						"predicate": {
							"location": {
								"biomes": "minecraft:dripstone_caves"
							}
						}
					}
				]
			}
		},
		"minecraft:flower_forest": {
			"trigger": "minecraft:location",
			"conditions": {
				"player": [
					{
						"condition": "minecraft:entity_properties",
						"entity": "this",
						"predicate": {
							"location": {
								"biomes": "minecraft:flower_forest"
							}
						}
					}
				]
			}
		},
		"minecraft:forest": {
			"trigger": "minecraft:location",
			"conditions": {
				"player": [
					{
						"condition": "minecraft:entity_properties",
						"entity": "this",
						"predicate": {
							"location": {
								"biomes": "minecraft:forest"
							}
						}
					}
				]
			}
		},
		"minecraft:grove": {
			"trigger": "minecraft:location",
			"conditions": {
				"player": [
					{
						"condition": "minecraft:entity_properties",
						"entity": "this",
						"predicate": {
							"location": {
								"biomes": "minecraft:grove"
							}
						}
					}
				]
			}
		},
		"minecraft:jagged_peaks": {
			"trigger": "minecraft:location",
			"conditions": {
				"player": [
					{
						"condition": "minecraft:entity_properties",
						"entity": "this",
						"predicate": {
							"location": {
								"biomes": "minecraft:jagged_peaks"
							}
						}
					}
				]
			}
		},
		"minecraft:jungle": {
			"trigger": "minecraft:location",
			"conditions": {
				"player": [
					{
						"condition": "minecraft:entity_properties",
						"entity": "this",
						"predicate": {
							"location": {
								"biomes": "minecraft:jungle"
							}
						}
					}
				]
			}
		},
		"minecraft:lukewarm_ocean": {
			"trigger": "minecraft:location",
			"conditions": {
				"player": [
					{
						"condition": "minecraft:entity_properties",
						"entity": "this",
						"predicate": {
							"location": {
								"biomes": "minecraft:lukewarm_ocean"
							}
						}
					}
				]
			}
		},
		"minecraft:lush_caves": {
			"trigger": "minecraft:location",
			"conditions": {
				"player": [
					{
						"condition": "minecraft:entity_properties",
						"entity": "this",
						"predicate": {
							"location": {
								"biomes": "minecraft:lush_caves"
							}
						}
					}
				]
			}
		},
		"minecraft:mangrove_swamp": {
			"trigger": "minecraft:location",
			"conditions": {
				"player": [
					{
						"condition": "minecraft:entity_properties",
						"entity": "this",
						"predicate": {
							"location": {
								"biomes": "minecraft:mangrove_swamp"
							}
						}
					}
				]
			}
		},
		"minecraft:meadow": {
			"trigger": "minecraft:location",
			"conditions": {
				"player": [
					{
						"condition": "minecraft:entity_properties",
						"entity": "this",
						"predicate": {
							"location": {
								"biomes": "minecraft:meadow"
							}
						}
					}
				]
			}
		},
		"minecraft:mushroom_fields": {
			"trigger": "minecraft:location",
			"conditions": {
				"player": [
					{
						"condition": "minecraft:entity_properties",
						"entity": "this",
						"predicate": {
							"location": {
								"biomes": "minecraft:mushroom_fields"
							}
						}
					}
				]
			}
		},
		"minecraft:old_growth_pine_taiga": {
			"trigger": "minecraft:location",
			"conditions": {
				"player": [
					{
						"condition": "minecraft:entity_properties",
						"entity": "this",
						"predicate": {
							"location": {
								"biomes": "minecraft:old_growth_pine_taiga"
							}
						}
					}
				]
			}
		},
		"minecraft:old_growth_spruce_taiga": {
			"trigger": "minecraft:location",
			"conditions": {
				"player": [
					{
						"condition": "minecraft:entity_properties",
						"entity": "this",
						"predicate": {
							"location": {
								"biomes": "minecraft:old_growth_spruce_taiga"
							}
						}
					}
				]
			}
		},
		"minecraft:plains": {
			"trigger": "minecraft:location",
			"conditions": {
				"player": [
					{
						"condition": "minecraft:entity_properties",
						"entity": "this",
						"predicate": {
							"location": {
								"biomes": "minecraft:plains"
							}
						}
					}
				]
			}
		},
		"minecraft:river": {
			"trigger": "minecraft:location",
			"conditions": {
				"player": [
					{
						"condition": "minecraft:entity_properties",
						"entity": "this",
						"predicate": {
							"location": {
								"biomes": "minecraft:river"
							}
						}
					}
				]
			}
		},
		"minecraft:savanna": {
			"trigger": "minecraft:location",
			"conditions": {
				"player": [
					{
						"condition": "minecraft:entity_properties",
						"entity": "this",
						"predicate": {
							"location": {
								"biomes": "minecraft:savanna"
							}
						}
					}
				]
			}
		},
		"minecraft:savanna_plateau": {
			"trigger": "minecraft:location",
			"conditions": {
				"player": [
					{
						"condition": "minecraft:entity_properties",
						"entity": "this",
						"predicate": {
							"location": {
								"biomes": "minecraft:savanna_plateau"
							}
						}
					}
				]
			}
		},
		"minecraft:snowy_plains": {
			"trigger": "minecraft:location",
			"conditions": {
				"player": [
					{
						"condition": "minecraft:entity_properties",
						"entity": "this",
						"predicate": {
							"location": {
								"biomes": "minecraft:snowy_plains"
							}
						}
					}
				]
			}
		},
		"minecraft:snowy_taiga": {
			"trigger": "minecraft:location",
			"conditions": {
				"player": [
					{
						"condition": "minecraft:entity_properties",
						"entity": "this",
						"predicate": {
							"location": {
								"biomes": "minecraft:snowy_taiga"
							}
						}
					}
				]
			}
		},
		"minecraft:sparse_jungle": {
			"trigger": "minecraft:location",
			"conditions": {
				"player": [
					{
						"condition": "minecraft:entity_properties",
						"entity": "this",
						"predicate": {
							"location": {
								"biomes": "minecraft:sparse_jungle"
							}
						}
					}
				]
			}
		},
		"minecraft:sunflower_plains": {
			"trigger": "minecraft:location",
			"conditions": {
				"player": [
					{
						"condition": "minecraft:entity_properties",
						"entity": "this",
						"predicate": {
							"location": {
								"biomes": "minecraft:sunflower_plains"
							}
						}
					}
				]
			}
		},
		"minecraft:swamp": {
			"trigger": "minecraft:location",
			"conditions": {
				"player": [
					{
						"condition": "minecraft:entity_properties",
						"entity": "this",
						"predicate": {
							"location": {
								"biomes": "minecraft:swamp"
							}
						}
					}
				]
			}
		},
		"minecraft:taiga": {
			"trigger": "minecraft:location",
			"conditions": {
				"player": [
					{
						"condition": "minecraft:entity_properties",
						"entity": "this",
						"predicate": {
							"location": {
								"biomes": "minecraft:taiga"
							}
						}
					}
				]
			}
		},
		"minecraft:warm_ocean": {
			"trigger": "minecraft:location",
			"conditions": {
				"player": [
					{
						"condition": "minecraft:entity_properties",
						"entity": "this",
						"predicate": {
							"location": {
								"biomes": "minecraft:warm_ocean"
							}
						}
					}
				]
			}
		},
		"minecraft:windswept_hills": {
			"trigger": "minecraft:location",
			"conditions": {
				"player": [
					{
						"condition": "minecraft:entity_properties",
						"entity": "this",
						"predicate": {
							"location": {
								"biomes": "minecraft:windswept_hills"
							}
						}
					}
				]
			}
		},
		"minecraft:wooded_badlands": {
			"trigger": "minecraft:location",
			"conditions": {
				"player": [
					{
						"condition": "minecraft:entity_properties",
						"entity": "this",
						"predicate": {
							"location": {
								"biomes": "minecraft:wooded_badlands"
							}
						}
					}
				]
			}
		}
	},
	"rewards": {
		"experience": 500
	}
}
