{
	"display": {
		"icon": {
			"count": 1,
			"id": "minecraft:golden_carrot"
		},
		"title": {
			"translate": "Two by two",
			"color": "aqua"
		},
		"description": {
			"translate": "Breed all the animals",
			"color": "white"
		},
		"frame": "challenge"
	},
	"parent": "skyblock:forest_island/adventuring_time",
	"criteria": {
		"minecraft:axolotl": {
			"trigger": "minecraft:bred_animals",
			"conditions": {
				"child": [
					{
						"condition": "minecraft:entity_properties",
						"entity": "this",
						"predicate": {
							"type": "minecraft:axolotl"
						}
					}
				]
			}
		},
		"minecraft:bee": {
			"trigger": "minecraft:bred_animals",
			"conditions": {
				"child": [
					{
						"condition": "minecraft:entity_properties",
						"entity": "this",
						"predicate": {
							"type": "minecraft:bee"
						}
					}
				]
			}
		},
		"minecraft:camel": {
			"trigger": "minecraft:bred_animals",
			"conditions": {
				"child": [
					{
						"condition": "minecraft:entity_properties",
						"entity": "this",
						"predicate": {
							"type": "minecraft:camel"
						}
					}
				]
			}
		},
		"minecraft:cat": {
			"trigger": "minecraft:bred_animals",
			"conditions": {
				"child": [
					{
						"condition": "minecraft:entity_properties",
						"entity": "this",
						"predicate": {
							"type": "minecraft:cat"
						}
					}
				]
			}
		},
		"minecraft:chicken": {
			"trigger": "minecraft:bred_animals",
			"conditions": {
				"child": [
					{
						"condition": "minecraft:entity_properties",
						"entity": "this",
						"predicate": {
							"type": "minecraft:chicken"
						}
					}
				]
			}
		},
		"minecraft:cow": {
			"trigger": "minecraft:bred_animals",
			"conditions": {
				"child": [
					{
						"condition": "minecraft:entity_properties",
						"entity": "this",
						"predicate": {
							"type": "minecraft:cow"
						}
					}
				]
			}
		},
		"minecraft:donkey": {
			"trigger": "minecraft:bred_animals",
			"conditions": {
				"child": [
					{
						"condition": "minecraft:entity_properties",
						"entity": "this",
						"predicate": {
							"type": "minecraft:donkey"
						}
					}
				]
			}
		},
		"minecraft:fox": {
			"trigger": "minecraft:bred_animals",
			"conditions": {
				"child": [
					{
						"condition": "minecraft:entity_properties",
						"entity": "this",
						"predicate": {
							"type": "minecraft:fox"
						}
					}
				]
			}
		},
		"minecraft:frog": {
			"trigger": "minecraft:bred_animals",
			"conditions": {
				"parent": [
					{
						"condition": "minecraft:entity_properties",
						"entity": "this",
						"predicate": {
							"type": "minecraft:frog"
						}
					}
				],
				"partner": [
					{
						"condition": "minecraft:entity_properties",
						"entity": "this",
						"predicate": {
							"type": "minecraft:frog"
						}
					}
				]
			}
		},
		"minecraft:goat": {
			"trigger": "minecraft:bred_animals",
			"conditions": {
				"child": [
					{
						"condition": "minecraft:entity_properties",
						"entity": "this",
						"predicate": {
							"type": "minecraft:goat"
						}
					}
				]
			}
		},
		"minecraft:hoglin": {
			"trigger": "minecraft:bred_animals",
			"conditions": {
				"child": [
					{
						"condition": "minecraft:entity_properties",
						"entity": "this",
						"predicate": {
							"type": "minecraft:hoglin"
						}
					}
				]
			}
		},
		"minecraft:horse": {
			"trigger": "minecraft:bred_animals",
			"conditions": {
				"child": [
					{
						"condition": "minecraft:entity_properties",
						"entity": "this",
						"predicate": {
							"type": "minecraft:horse"
						}
					}
				]
			}
		},
		"minecraft:llama": {
			"trigger": "minecraft:bred_animals",
			"conditions": {
				"child": [
					{
						"condition": "minecraft:entity_properties",
						"entity": "this",
						"predicate": {
							"type": "minecraft:llama"
						}
					}
				]
			}
		},
		"minecraft:mooshroom": {
			"trigger": "minecraft:bred_animals",
			"conditions": {
				"child": [
					{
						"condition": "minecraft:entity_properties",
						"entity": "this",
						"predicate": {
							"type": "minecraft:mooshroom"
						}
					}
				]
			}
		},
		"minecraft:mule": {
			"trigger": "minecraft:bred_animals",
			"conditions": {
				"child": [
					{
						"condition": "minecraft:entity_properties",
						"entity": "this",
						"predicate": {
							"type": "minecraft:mule"
						}
					}
				]
			}
		},
		"minecraft:ocelot": {
			"trigger": "minecraft:bred_animals",
			"conditions": {
				"child": [
					{
						"condition": "minecraft:entity_properties",
						"entity": "this",
						"predicate": {
							"type": "minecraft:ocelot"
						}
					}
				]
			}
		},
		"minecraft:panda": {
			"trigger": "minecraft:bred_animals",
			"conditions": {
				"child": [
					{
						"condition": "minecraft:entity_properties",
						"entity": "this",
						"predicate": {
							"type": "minecraft:panda"
						}
					}
				]
			}
		},
		"minecraft:pig": {
			"trigger": "minecraft:bred_animals",
			"conditions": {
				"child": [
					{
						"condition": "minecraft:entity_properties",
						"entity": "this",
						"predicate": {
							"type": "minecraft:pig"
						}
					}
				]
			}
		},
		"minecraft:rabbit": {
			"trigger": "minecraft:bred_animals",
			"conditions": {
				"child": [
					{
						"condition": "minecraft:entity_properties",
						"entity": "this",
						"predicate": {
							"type": "minecraft:rabbit"
						}
					}
				]
			}
		},
		"minecraft:sheep": {
			"trigger": "minecraft:bred_animals",
			"conditions": {
				"child": [
					{
						"condition": "minecraft:entity_properties",
						"entity": "this",
						"predicate": {
							"type": "minecraft:sheep"
						}
					}
				]
			}
		},
		"minecraft:sniffer": {
			"trigger": "minecraft:bred_animals",
			"conditions": {
				"parent": [
					{
						"condition": "minecraft:entity_properties",
						"entity": "this",
						"predicate": {
							"type": "minecraft:sniffer"
						}
					}
				],
				"partner": [
					{
						"condition": "minecraft:entity_properties",
						"entity": "this",
						"predicate": {
							"type": "minecraft:sniffer"
						}
					}
				]
			}
		},
		"minecraft:strider": {
			"trigger": "minecraft:bred_animals",
			"conditions": {
				"child": [
					{
						"condition": "minecraft:entity_properties",
						"entity": "this",
						"predicate": {
							"type": "minecraft:strider"
						}
					}
				]
			}
		},
		"minecraft:turtle": {
			"trigger": "minecraft:bred_animals",
			"conditions": {
				"parent": [
					{
						"condition": "minecraft:entity_properties",
						"entity": "this",
						"predicate": {
							"type": "minecraft:turtle"
						}
					}
				],
				"partner": [
					{
						"condition": "minecraft:entity_properties",
						"entity": "this",
						"predicate": {
							"type": "minecraft:turtle"
						}
					}
				]
			}
		},
		"minecraft:wolf": {
			"trigger": "minecraft:bred_animals",
			"conditions": {
				"child": [
					{
						"condition": "minecraft:entity_properties",
						"entity": "this",
						"predicate": {
							"type": "minecraft:wolf"
						}
					}
				]
			}
		}
	},
	"rewards": {
		"experience": 500
	}
}
