{
    "display": {
        "icon": {
            "id": "minecraft:armadillo_scute",
            "count": 1
        },
        "title": {
            "translate": "Isn't it scute?",
            "color": "aqua"
        },
        "description": {
            "translate": "Get armadillo scutes from an armadillo using a brush",
            "color": "white"
        }
    },
    "parent": "skyblock:forest_island/adventuring_time",
    "criteria": {
        "brush_armadillo": {
            "trigger": "minecraft:player_interacted_with_entity",
            "conditions": {
                "item": {
                    "items": "minecraft:brush"
                },
                "entity": [
                    {
                        "condition": "minecraft:entity_properties",
                        "entity": "this",
                        "predicate": {
                            "type": "minecraft:armadillo"
                        }
                    }
                ]
            }
        }
    }
}
