{
	"display": {
		"icon": {
			"count": 1,
			"id": "minecraft:blue_wool"
		},
		"title": {
			"translate": "Rainbow sheeps",
			"color": "aqua"
		},
		"description": {
			"translate": "Dye one sheep of each color",
			"color": "white"
		},
		"frame": "goal"
	},
	"parent": "skyblock:forest_island/get_all_small_flowers",
	"criteria": {
		"white": {
			"trigger": "minecraft:player_interacted_with_entity",
			"conditions": {
				"item": {
					"items": [
						"minecraft:white_dye"
					]
				},
				"entity": {
					"type": "minecraft:sheep"
				}
			}
		},
		"red": {
			"trigger": "minecraft:player_interacted_with_entity",
			"conditions": {
				"item": {
					"items": [
						"minecraft:red_dye"
					]
				},
				"entity": {
					"type": "minecraft:sheep"
				}
			}
		},
		"orange": {
			"trigger": "minecraft:player_interacted_with_entity",
			"conditions": {
				"item": {
					"items": [
						"minecraft:orange_dye"
					]
				},
				"entity": {
					"type": "minecraft:sheep"
				}
			}
		},
		"pink": {
			"trigger": "minecraft:player_interacted_with_entity",
			"conditions": {
				"item": {
					"items": [
						"minecraft:pink_dye"
					]
				},
				"entity": {
					"type": "minecraft:sheep"
				}
			}
		},
		"yellow": {
			"trigger": "minecraft:player_interacted_with_entity",
			"conditions": {
				"item": {
					"items": [
						"minecraft:yellow_dye"
					]
				},
				"entity": {
					"type": "minecraft:sheep"
				}
			}
		},
		"lime": {
			"trigger": "minecraft:player_interacted_with_entity",
			"conditions": {
				"item": {
					"items": [
						"minecraft:lime_dye"
					]
				},
				"entity": {
					"type": "minecraft:sheep"
				}
			}
		},
		"green": {
			"trigger": "minecraft:player_interacted_with_entity",
			"conditions": {
				"item": {
					"items": [
						"minecraft:green_dye"
					]
				},
				"entity": {
					"type": "minecraft:sheep"
				}
			}
		},
		"light_blue": {
			"trigger": "minecraft:player_interacted_with_entity",
			"conditions": {
				"item": {
					"items": [
						"minecraft:light_blue_dye"
					]
				},
				"entity": {
					"type": "minecraft:sheep"
				}
			}
		},
		"cyan": {
			"trigger": "minecraft:player_interacted_with_entity",
			"conditions": {
				"item": {
					"items": [
						"minecraft:cyan_dye"
					]
				},
				"entity": {
					"type": "minecraft:sheep"
				}
			}
		},
		"blue": {
			"trigger": "minecraft:player_interacted_with_entity",
			"conditions": {
				"item": {
					"items": [
						"minecraft:blue_dye"
					]
				},
				"entity": {
					"type": "minecraft:sheep"
				}
			}
		},
		"magenta": {
			"trigger": "minecraft:player_interacted_with_entity",
			"conditions": {
				"item": {
					"items": [
						"minecraft:magenta_dye"
					]
				},
				"entity": {
					"type": "minecraft:sheep"
				}
			}
		},
		"purple": {
			"trigger": "minecraft:player_interacted_with_entity",
			"conditions": {
				"item": {
					"items": [
						"minecraft:purple_dye"
					]
				},
				"entity": {
					"type": "minecraft:sheep"
				}
			}
		},
		"brown": {
			"trigger": "minecraft:player_interacted_with_entity",
			"conditions": {
				"item": {
					"items": [
						"minecraft:brown_dye"
					]
				},
				"entity": {
					"type": "minecraft:sheep"
				}
			}
		},
		"gray": {
			"trigger": "minecraft:player_interacted_with_entity",
			"conditions": {
				"item": {
					"items": [
						"minecraft:gray_dye"
					]
				},
				"entity": {
					"type": "minecraft:sheep"
				}
			}
		},
		"light_gray": {
			"trigger": "minecraft:player_interacted_with_entity",
			"conditions": {
				"item": {
					"items": [
						"minecraft:light_gray_dye"
					]
				},
				"entity": {
					"type": "minecraft:sheep"
				}
			}
		},
		"black": {
			"trigger": "minecraft:player_interacted_with_entity",
			"conditions": {
				"item": {
					"items": [
						"minecraft:black_dye"
					]
				},
				"entity": {
					"type": "minecraft:sheep"
				}
			}
		}
	},
	"rewards": {
		"experience": 100
	}
}
