{
	"display": {
		"icon": {
			"count": 1,
			"id": "minecraft:mangrove_log"
		},
		"title": {
			"translate": "Mega tree farm",
			"color": "aqua"
		},
		"description": {
			"translate": "Get 64 logs of each type of tree in the overworld",
			"color": "white"
		},
        "frame": "goal"
	},
	"parent": "skyblock:forest_island/plant_all_saplings",
	"criteria": {
		"acacia": {
			"trigger": "minecraft:inventory_changed",
			"conditions": {
				"items": [
					{
						"items": [
							"minecraft:acacia_log"
						],
						"count": 64
					}
				]
			}
		},
		"birch": {
			"trigger": "minecraft:inventory_changed",
			"conditions": {
				"items": [
					{
						"items": [
							"minecraft:birch_log"
						],
						"count": 64
					}
				]
			}
		},
		"cherry": {
			"trigger": "minecraft:inventory_changed",
			"conditions": {
				"items": [
					{
						"items": [
							"minecraft:cherry_log"
						],
						"count": 64
					}
				]
			}
		},
		"dark_oak": {
			"trigger": "minecraft:inventory_changed",
			"conditions": {
				"items": [
					{
						"items": [
							"minecraft:dark_oak_log"
						],
						"count": 64
					}
				]
			}
		},
		"jungle": {
			"trigger": "minecraft:inventory_changed",
			"conditions": {
				"items": [
					{
						"items": [
							"minecraft:jungle_log"
						],
						"count": 64
					}
				]
			}
		},
		"mangrove": {
			"trigger": "minecraft:inventory_changed",
			"conditions": {
				"items": [
					{
						"items": [
							"minecraft:mangrove_log"
						],
						"count": 64
					}
				]
			}
		},
		"oak": {
			"trigger": "minecraft:inventory_changed",
			"conditions": {
				"items": [
					{
						"items": [
							"minecraft:oak_log"
						],
						"count": 64
					}
				]
			}
		},
		"spruce": {
			"trigger": "minecraft:inventory_changed",
			"conditions": {
				"items": [
					{
						"items": [
							"minecraft:spruce_log"
						],
						"count": 64
					}
				]
			}
		}
	},
    "rewards": {
        "experience": 100
    }
}
