{
	"display": {
		"icon": {
			"count": 1,
			"id": "minecraft:bee_nest"
		},
		"title": {
			"translate": "Safe hive",
			"color": "aqua"
		},
		"description": {
			"translate": "Extract honey or honeycomb without disturbing the bees",
			"color": "white"
		}
	},
	"parent": "skyblock:forest_island/animal_platform",
	"criteria": {
		"requirement": {
            "trigger": "minecraft:item_used_on_block",
            "conditions": {
                "location": [
                    {
                        "condition": "minecraft:location_check",
                        "predicate": {
                            "block": {
                                "tag": "minecraft:beehives"
                            },
							"smokey": true
                        }
                    }
                ]
            }
        }
    }
	}
}
