{
    "display": {
        "icon": {
            "id": "minecraft:goat_horn",
            "count": 1
        },
        "title": {
            "translate": "Musical goat",
            "color": "aqua"
        },
        "description": {
            "translate": "Play all types of goat horn",
            "color": "white"
        },
        "frame": "goal"
    },
    "parent": "skyblock:forest_island/get_64_ice",
    "criteria": {
        "ponder": {
            "trigger": "minecraft:using_item",
            "conditions": {
                "item": {
                    "items": [
                        "minecraft:goat_horn"
                    ],
                    "components": {
                        "minecraft:instrument": "minecraft:ponder_goat_horn"
                    }
                }
            }
        },
        "sing": {
            "trigger": "minecraft:using_item",
            "conditions": {
                "item": {
                    "items": [
                        "minecraft:goat_horn"
                    ],
                    "components": {
                        "minecraft:instrument": "minecraft:sing_goat_horn"
                    }
                }
            }
        },
        "seek": {
            "trigger": "minecraft:using_item",
            "conditions": {
                "item": {
                    "items": [
                        "minecraft:goat_horn"
                    ],
                    "components": {
                        "minecraft:instrument": "minecraft:seek_goat_horn"
                    }
                }
            }
        },
        "feel": {
            "trigger": "minecraft:using_item",
            "conditions": {
                "item": {
                    "items": [
                        "minecraft:goat_horn"
                    ],
                    "components": {
                        "minecraft:instrument": "minecraft:feel_goat_horn"
                    }
                }
            }
        },
        "admire": {
            "trigger": "minecraft:using_item",
            "conditions": {
                "item": {
                    "items": [
                        "minecraft:goat_horn"
                    ],
                    "components": {
                        "minecraft:instrument": "minecraft:admire_goat_horn"
                    }
                }
            }
        },
        "call": {
            "trigger": "minecraft:using_item",
            "conditions": {
                "item": {
                    "items": [
                        "minecraft:goat_horn"
                    ],
                    "components": {
                        "minecraft:instrument": "minecraft:call_goat_horn"
                    }
                }
            }
        },
        "yearn": {
            "trigger": "minecraft:using_item",
            "conditions": {
                "item": {
                    "items": [
                        "minecraft:goat_horn"
                    ],
                    "components": {
                        "minecraft:instrument": "minecraft:yearn_goat_horn"
                    }
                }
            }
        },
        "dream": {
            "trigger": "minecraft:using_item",
            "conditions": {
                "item": {
                    "items": [
                        "minecraft:goat_horn"
                    ],
                    "components": {
                        "minecraft:instrument": "minecraft:dream_goat_horn"
                    }
                }
            }
        }
    },
    "rewards": {
        "experience": 100
    }
}
