{
    "display": {
        "icon": {
            "count": 1,
			"id": "minecraft:short_grass"
        },
        "title": {
            "translate": "Beyond the plains",
            "color": "aqua"
        },
        "description": {
            "translate": "Reach another biome besides the plains",
            "color": "white"
        }
    },
    "parent": "skyblock:forest_island/root",
    "criteria": {
        "requirement": {
            "trigger": "minecraft:location",
            "conditions": {
                "player": [
                    {
                        "condition": "minecraft:inverted",
                        "term": {
                            "condition": "minecraft:entity_properties",
                            "entity": "this",
                            "predicate": {
                                "location": {
                                    "biomes": "minecraft:plains"
                                }
                            }
                        }
                    },
                    {
                        "condition": "minecraft:entity_properties",
                        "entity": "this",
                        "predicate": {
                            "location": {
                                "position": {
                                    "y": {
                                        "min": -64
                                    }
                                },
                                "dimension": "minecraft:overworld"
                            }
                        }
                    }
                ]
            }
        }
    }
}