{
	"display": {
		"icon": {
			"count": 1,
			"id": "minecraft:birch_log"
		},
		"title": {
			"translate": "Forest island",
			"color": "aqua"
		},
		"description": {
			"translate": "The island of nature",
			"color": "white"
		},
		"background": "minecraft:textures/block/birch_log.png"
	},
	"criteria": {
		"forest_island": {
			"trigger": "minecraft:location",
			"conditions": {
				"player": {
					"location": {
						"position": {
							"x": {
								"min": 63,
								"max": 66
							},
							"z": {
								"min": -1,
								"max": 2
							}
						},
						"dimension": "minecraft:overworld"
					}
				}
			}
		}
	}
}
