{
    "display": {
        "icon": {
            "id": "minecraft:wolf_armor",
            "count": 1,
            "components": {
                "minecraft:enchantments": {
                    "minecraft:unbreaking": 1
                }
            }
        },
        "title": {
            "translate": "The whole pack",
            "color": "aqua"
        },
        "description": {
            "translate": "Tame all wolfs variants",
            "color": "white"
        },
        "frame": "challenge"
    },
    "parent": "skyblock:forest_island/bred_all_animals",
    "criteria": {
        "minecraft:ashen": {
            "trigger": "minecraft:tame_animal",
            "conditions": {
                "entity": [
                    {
                        "condition": "minecraft:entity_properties",
                        "entity": "this",
                        "predicate": {
                            "type_specific": {
                                "type": "minecraft:wolf",
                                "variant": "minecraft:ashen"
                            }
                        }
                    }
                ]
            }
        },
        "minecraft:black": {
            "trigger": "minecraft:tame_animal",
            "conditions": {
                "entity": [
                    {
                        "condition": "minecraft:entity_properties",
                        "entity": "this",
                        "predicate": {
                            "type_specific": {
                                "type": "minecraft:wolf",
                                "variant": "minecraft:black"
                            }
                        }
                    }
                ]
            }
        },
        "minecraft:chestnut": {
            "trigger": "minecraft:tame_animal",
            "conditions": {
                "entity": [
                    {
                        "condition": "minecraft:entity_properties",
                        "entity": "this",
                        "predicate": {
                            "type_specific": {
                                "type": "minecraft:wolf",
                                "variant": "minecraft:chestnut"
                            }
                        }
                    }
                ]
            }
        },
        "minecraft:pale": {
            "trigger": "minecraft:tame_animal",
            "conditions": {
                "entity": [
                    {
                        "condition": "minecraft:entity_properties",
                        "entity": "this",
                        "predicate": {
                            "type_specific": {
                                "type": "minecraft:wolf",
                                "variant": "minecraft:pale"
                            }
                        }
                    }
                ]
            }
        },
        "minecraft:rusty": {
            "trigger": "minecraft:tame_animal",
            "conditions": {
                "entity": [
                    {
                        "condition": "minecraft:entity_properties",
                        "entity": "this",
                        "predicate": {
                            "type_specific": {
                                "type": "minecraft:wolf",
                                "variant": "minecraft:rusty"
                            }
                        }
                    }
                ]
            }
        },
        "minecraft:snowy": {
            "trigger": "minecraft:tame_animal",
            "conditions": {
                "entity": [
                    {
                        "condition": "minecraft:entity_properties",
                        "entity": "this",
                        "predicate": {
                            "type_specific": {
                                "type": "minecraft:wolf",
                                "variant": "minecraft:snowy"
                            }
                        }
                    }
                ]
            }
        },
        "minecraft:spotted": {
            "trigger": "minecraft:tame_animal",
            "conditions": {
                "entity": [
                    {
                        "condition": "minecraft:entity_properties",
                        "entity": "this",
                        "predicate": {
                            "type_specific": {
                                "type": "minecraft:wolf",
                                "variant": "minecraft:spotted"
                            }
                        }
                    }
                ]
            }
        },
        "minecraft:striped": {
            "trigger": "minecraft:tame_animal",
            "conditions": {
                "entity": [
                    {
                        "condition": "minecraft:entity_properties",
                        "entity": "this",
                        "predicate": {
                            "type_specific": {
                                "type": "minecraft:wolf",
                                "variant": "minecraft:striped"
                            }
                        }
                    }
                ]
            }
        },
        "minecraft:woods": {
            "trigger": "minecraft:tame_animal",
            "conditions": {
                "entity": [
                    {
                        "condition": "minecraft:entity_properties",
                        "entity": "this",
                        "predicate": {
                            "type_specific": {
                                "type": "minecraft:wolf",
                                "variant": "minecraft:woods"
                            }
                        }
                    }
                ]
            }
        }
    },
    "rewards": {
        "experience": 500
    }
}
