{
    "display": {
        "icon": {
            "id": "minecraft:cod",
            "count": 1,
            "components": {
                "minecraft:enchantments": {
                    "minecraft:unbreaking": 1
                }
            }
        },
        "title": {
            "translate": "A complete catalogue",
            "color": "aqua"
        },
        "description": {
            "translate": "Tame all cats variants",
            "color": "white"
        },
        "frame": "challenge"
    },
    "parent": "skyblock:forest_island/bred_all_animals",
    "criteria": {
        "minecraft:all_black": {
            "trigger": "minecraft:tame_animal",
            "conditions": {
                "entity": [
                    {
                        "condition": "minecraft:entity_properties",
                        "entity": "this",
                        "predicate": {
                            "type_specific": {
                                "type": "minecraft:cat",
                                "variant": "minecraft:all_black"
                            }
                        }
                    }
                ]
            }
        },
        "minecraft:black": {
            "trigger": "minecraft:tame_animal",
            "conditions": {
                "entity": [
                    {
                        "condition": "minecraft:entity_properties",
                        "entity": "this",
                        "predicate": {
                            "type_specific": {
                                "type": "minecraft:cat",
                                "variant": "minecraft:black"
                            }
                        }
                    }
                ]
            }
        },
        "minecraft:british_shorthair": {
            "trigger": "minecraft:tame_animal",
            "conditions": {
                "entity": [
                    {
                        "condition": "minecraft:entity_properties",
                        "entity": "this",
                        "predicate": {
                            "type_specific": {
                                "type": "minecraft:cat",
                                "variant": "minecraft:british_shorthair"
                            }
                        }
                    }
                ]
            }
        },
        "minecraft:calico": {
            "trigger": "minecraft:tame_animal",
            "conditions": {
                "entity": [
                    {
                        "condition": "minecraft:entity_properties",
                        "entity": "this",
                        "predicate": {
                            "type_specific": {
                                "type": "minecraft:cat",
                                "variant": "minecraft:calico"
                            }
                        }
                    }
                ]
            }
        },
        "minecraft:jellie": {
            "trigger": "minecraft:tame_animal",
            "conditions": {
                "entity": [
                    {
                        "condition": "minecraft:entity_properties",
                        "entity": "this",
                        "predicate": {
                            "type_specific": {
                                "type": "minecraft:cat",
                                "variant": "minecraft:jellie"
                            }
                        }
                    }
                ]
            }
        },
        "minecraft:persian": {
            "trigger": "minecraft:tame_animal",
            "conditions": {
                "entity": [
                    {
                        "condition": "minecraft:entity_properties",
                        "entity": "this",
                        "predicate": {
                            "type_specific": {
                                "type": "minecraft:cat",
                                "variant": "minecraft:persian"
                            }
                        }
                    }
                ]
            }
        },
        "minecraft:ragdoll": {
            "trigger": "minecraft:tame_animal",
            "conditions": {
                "entity": [
                    {
                        "condition": "minecraft:entity_properties",
                        "entity": "this",
                        "predicate": {
                            "type_specific": {
                                "type": "minecraft:cat",
                                "variant": "minecraft:ragdoll"
                            }
                        }
                    }
                ]
            }
        },
        "minecraft:red": {
            "trigger": "minecraft:tame_animal",
            "conditions": {
                "entity": [
                    {
                        "condition": "minecraft:entity_properties",
                        "entity": "this",
                        "predicate": {
                            "type_specific": {
                                "type": "minecraft:cat",
                                "variant": "minecraft:red"
                            }
                        }
                    }
                ]
            }
        },
        "minecraft:siamese": {
            "trigger": "minecraft:tame_animal",
            "conditions": {
                "entity": [
                    {
                        "condition": "minecraft:entity_properties",
                        "entity": "this",
                        "predicate": {
                            "type_specific": {
                                "type": "minecraft:cat",
                                "variant": "minecraft:siamese"
                            }
                        }
                    }
                ]
            }
        },
        "minecraft:tabby": {
            "trigger": "minecraft:tame_animal",
            "conditions": {
                "entity": [
                    {
                        "condition": "minecraft:entity_properties",
                        "entity": "this",
                        "predicate": {
                            "type_specific": {
                                "type": "minecraft:cat",
                                "variant": "minecraft:tabby"
                            }
                        }
                    }
                ]
            }
        },
        "minecraft:white": {
            "trigger": "minecraft:tame_animal",
            "conditions": {
                "entity": [
                    {
                        "condition": "minecraft:entity_properties",
                        "entity": "this",
                        "predicate": {
                            "type_specific": {
                                "type": "minecraft:cat",
                                "variant": "minecraft:white"
                            }
                        }
                    }
                ]
            }
        }
    },
    "rewards": {
        "experience": 500
    }
}
