{
    "type": "minecraft:archaeology",
    "pools": [
        {
            "rolls": 1,
            "bonus_rolls": 0,
            "entries": [
                {
                    "type": "minecraft:item",
                    "name": "minecraft:burn_pottery_sherd"
                },
                {
                    "type": "minecraft:item",
                    "name": "minecraft:danger_pottery_sherd"
                },
                {
                    "type": "minecraft:item",
                    "name": "minecraft:friend_pottery_sherd"
                },
                {
                    "type": "minecraft:item",
                    "name": "minecraft:heart_pottery_sherd"
                },
                {
                    "type": "minecraft:item",
                    "name": "minecraft:heartbreak_pottery_sherd"
                },
                {
                    "type": "minecraft:item",
                    "name": "minecraft:howl_pottery_sherd"
                },
                {
                    "type": "minecraft:item",
                    "name": "minecraft:sheaf_pottery_sherd"
                },
                {
                    "type": "minecraft:item",
                    "name": "minecraft:angler_pottery_sherd"
                },
                {
                    "type": "minecraft:item",
                    "name": "minecraft:shelter_pottery_sherd"
                },
                {
                    "type": "minecraft:item",
                    "name": "minecraft:snort_pottery_sherd"
                },
                {
                    "type": "minecraft:item",
                    "name": "minecraft:blade_pottery_sherd"
                },
                {
                    "type": "minecraft:item",
                    "name": "minecraft:explorer_pottery_sherd"
                },
                {
                    "type": "minecraft:item",
                    "name": "minecraft:mourner_pottery_sherd"
                },
                {
                    "type": "minecraft:item",
                    "name": "minecraft:plenty_pottery_sherd"
                },
                {
                    "type": "minecraft:item",
                    "name": "minecraft:arms_up_pottery_sherd"
                },
                {
                    "type": "minecraft:item",
                    "name": "minecraft:brewer_pottery_sherd"
                },
                {
                    "type": "minecraft:item",
                    "name": "minecraft:archer_pottery_sherd"
                },
                {
                    "type": "minecraft:item",
                    "name": "minecraft:miner_pottery_sherd"
                },
                {
                    "type": "minecraft:item",
                    "name": "minecraft:prize_pottery_sherd"
                },
                {
                    "type": "minecraft:item",
                    "name": "minecraft:skull_pottery_sherd"
                }
            ]
        }
    ],
	"random_sequence": "skyblock:archaeology/crafting_archaeology/pottery_shards"
}
