{
    "type": "minecraft:archaeology",
    "pools": [
        {
            "rolls": 1,
            "entries": [
                {
                    "type": "minecraft:loot_table",
                    "value": "skyblock:archaeology/crafting_archaeology/smithing_templates",
                    "weight": 1
                },
                {
                    "type": "minecraft:loot_table",
                    "value": "skyblock:archaeology/crafting_archaeology/pottery_shards",
                    "weight": 10
                }
            ]
        }
    ],
	"random_sequence": "skyblock:archaeology/crafting_archaeology"
}
