{
	"display": {
		"icon": {
			"count": 1,
			"id": "minecraft:cookie"
		},
		"title": {
			"translate": "From bad to good",
			"color": "aqua"
		},
		"description": {
			"translate": "Vexes can resurrect as allays, have an allay deliver an item to you",
			"color": "white"
		},
		"frame": "goal"
	},
	"parent": "skyblock:sand_island/hero_of_the_village",
	"criteria": {
		"allay_deliver_item_to_player": {
			"trigger": "minecraft:thrown_item_picked_up_by_player",
			"conditions": {
				"entity": [
					{
						"condition": "minecraft:entity_properties",
						"entity": "this",
						"predicate": {
							"type": "minecraft:allay"
						}
					}
				]
			}
		}
	},
	"rewards": {
		"experience": 100
	}
}
