{
	"display": {
		"icon": {
			"count": 1,
			"id": "minecraft:cracked_stone_bricks"
		},
		"title": {
			"translate": "A new structure",
			"color": "aqua"
		},
		"description": {
			"translate": "Reach a structure in the overworld and build a platform on each",
			"color": "white"
		}
	},
	"parent": "skyblock:sand_island/placed_kelp",
	"criteria": {
		"swamp_hut": {
			"trigger": "minecraft:location",
			"conditions": {
				"player": {
					"location": {
						"structures": "minecraft:swamp_hut"
					}
				}
			}
		},
		"pillager_outpost": {
			"trigger": "minecraft:location",
			"conditions": {
				"player": {
					"location": {
						"structures": "minecraft:pillager_outpost"
					}
				}
			}
		},
		"monument": {
			"trigger": "minecraft:location",
			"conditions": {
				"player": {
					"location": {
						"structures": "minecraft:monument"
					}
				}
			}
		}
	},
	"requirements": [
		[
			"swamp_hut",
			"pillager_outpost",
			"monument"
		]
	]
}
