{
	"display": {
		"icon": {
			"count": 1,
			"id": "minecraft:crossbow"
		},
		"title": {
			"translate": "Pillager time",
			"color": "aqua"
		},
		"description": {
			"translate": "Reach the pillager outpost between -96 68 177 and -111 97 192",
			"color": "white"
		}
	},
	"parent": "skyblock:sand_island/come_to_a_structure",
	"criteria": {
		"requirement": {
			"trigger": "minecraft:location",
			"conditions": {
				"player": {
					"location": {
						"structures": "minecraft:pillager_outpost"
					}
				}
			}
		}
	}
}
