{
	"display": {
		"icon": {
			"count": 1,
			"id": "minecraft:cauldron"
		},
		"title": {
			"translate": "The witch house?",
			"color": "aqua"
		},
		"description": {
			"translate": "Reach the swamp hut between 112 79 -170 and 120 85 -176",
			"color": "white"
		}
	},
	"parent": "skyblock:sand_island/come_to_a_structure",
	"criteria": {
		"requirement": {
			"trigger": "minecraft:location",
			"conditions": {
				"player": {
					"location": {
						"structures": "minecraft:swamp_hut"
					}
				}
			}
		}
	}
}
