{
	"display": {
		"icon": {
			"count": 1,
			"id": "minecraft:slime_ball"
		},
		"title": {
			"translate": "Jelly balls",
			"color": "aqua"
		},
		"description": {
			"translate": "Get 64 slime balls",
			"color": "white"
		}
	},
	"parent": "skyblock:sand_island/come_to_witch_hut",
	"criteria": {
		"requirement": {
			"trigger": "minecraft:inventory_changed",
			"conditions": {
				"items": [
					{
						"items": [
							"minecraft:slime_ball"
						],
						"count": 64
					}
				]
			}
		}
	}
}
