{
	"display": {
		"icon": {
            "id": "minecraft:white_banner",
            "count": 1,
            "components": {
                "minecraft:banner_patterns": [
                    {
                        "pattern": "minecraft:rhombus",
                        "color": "cyan"
                    },
                    {
                        "pattern": "minecraft:stripe_bottom",
                        "color": "light_gray"
                    },
                    {
                        "pattern": "minecraft:stripe_center",
                        "color": "gray"
                    },
                    {
                        "pattern": "minecraft:border",
                        "color": "light_gray"
                    },
                    {
                        "pattern": "minecraft:stripe_middle",
                        "color": "black"
                    },
                    {
                        "pattern": "minecraft:half_horizontal",
                        "color": "light_gray"
                    },
                    {
                        "pattern": "minecraft:circle",
                        "color": "light_gray"
                    },
                    {
                        "pattern": "minecraft:border",
                        "color": "black"
                    }
                ],
                "minecraft:hide_additional_tooltip": {},
                "minecraft:item_name": "{\"color\":\"gold\",\"translate\":\"block.minecraft.ominous_banner\"}"
            }
        },
		"title": {
			"translate": "Voluntary exile",
			"color": "aqua"
		},
		"description": {
			"translate": "Kill a raid captain",
			"color": "white"
		}
	},
	"parent": "skyblock:sand_island/come_to_pillager_outpost",
	"criteria": {
        "get_bad_omen": {
            "trigger": "minecraft:player_killed_entity",
            "conditions": {
                "entity": [
                    {
                        "condition": "minecraft:entity_properties",
                        "entity": "this",
                        "predicate": {
                            "type": "#minecraft:raiders",
                            "equipment": {
                                "head": {
                                    "items": "minecraft:white_banner",
                                    "components": {
                                        "minecraft:attribute_modifiers": {
                                            "modifiers": []
                                        },
                                        "minecraft:banner_patterns": [
                                            {
                                                "pattern": "minecraft:rhombus",
                                                "color": "cyan"
                                            },
                                            {
                                                "pattern": "minecraft:stripe_bottom",
                                                "color": "light_gray"
                                            },
                                            {
                                                "pattern": "minecraft:stripe_center",
                                                "color": "gray"
                                            },
                                            {
                                                "pattern": "minecraft:border",
                                                "color": "light_gray"
                                            },
                                            {
                                                "pattern": "minecraft:stripe_middle",
                                                "color": "black"
                                            },
                                            {
                                                "pattern": "minecraft:half_horizontal",
                                                "color": "light_gray"
                                            },
                                            {
                                                "pattern": "minecraft:circle",
                                                "color": "light_gray"
                                            },
                                            {
                                                "pattern": "minecraft:border",
                                                "color": "black"
                                            }
                                        ],
                                        "minecraft:enchantments": {
                                            "levels": {}
                                        },
                                        "minecraft:hide_additional_tooltip": {},
                                        "minecraft:item_name": "{\"color\":\"gold\",\"translate\":\"block.minecraft.ominous_banner\"}",
                                        "minecraft:lore": [],
                                        "minecraft:max_stack_size": 16,
                                        "minecraft:rarity": "common",
                                        "minecraft:repair_cost": 0
                                    }
                                }
                            }
                        }
                    }
                ]
            }
        }
    }
}
