{
	"display": {
		"icon": {
			"count": 1,
			"id": "minecraft:iron_sword"
		},
		"title": {
			"translate": "Missing damage",
			"color": "aqua"
		},
		"description": {
			"translate": "Kill all hostile mobs in skyblock",
			"color": "white"
		},
		"frame": "challenge"
	},
	"parent": "skyblock:sand_island/kill_a_mob",
	"criteria": {
		"spider": {
			"trigger": "minecraft:player_killed_entity",
			"conditions": {
				"entity": {
					"type": "spider"
				}
			}
		},
		"zombified_piglin": {
			"trigger": "minecraft:player_killed_entity",
			"conditions": {
				"entity": {
					"type": "zombified_piglin"
				}
			}
		},
		"blaze": {
			"trigger": "minecraft:player_killed_entity",
			"conditions": {
				"entity": {
					"type": "blaze"
				}
			}
		},
		"creeper": {
			"trigger": "minecraft:player_killed_entity",
			"conditions": {
				"entity": {
					"type": "creeper"
				}
			}
		},
		"drowned": {
			"trigger": "minecraft:player_killed_entity",
			"conditions": {
				"entity": {
					"type": "drowned"
				}
			}
		},
		"elder_guardian": {
			"trigger": "minecraft:player_killed_entity",
			"conditions": {
				"entity": {
					"type": "elder_guardian"
				}
			}
		},
		"ender_dragon": {
			"trigger": "minecraft:player_killed_entity",
			"conditions": {
				"entity": {
					"type": "ender_dragon"
				}
			}
		},
		"enderman": {
			"trigger": "minecraft:player_killed_entity",
			"conditions": {
				"entity": {
					"type": "enderman"
				}
			}
		},
		"endermite": {
			"trigger": "minecraft:player_killed_entity",
			"conditions": {
				"entity": {
					"type": "endermite"
				}
			}
		},
		"evoker": {
			"trigger": "minecraft:player_killed_entity",
			"conditions": {
				"entity": {
					"type": "evoker"
				}
			}
		},
		"ghast": {
			"trigger": "minecraft:player_killed_entity",
			"conditions": {
				"entity": {
					"type": "ghast"
				}
			}
		},
		"guardian": {
			"trigger": "minecraft:player_killed_entity",
			"conditions": {
				"entity": {
					"type": "guardian"
				}
			}
		},
		"husk": {
			"trigger": "minecraft:player_killed_entity",
			"conditions": {
				"entity": {
					"type": "husk"
				}
			}
		},
		"magma_cube": {
			"trigger": "minecraft:player_killed_entity",
			"conditions": {
				"entity": {
					"type": "magma_cube"
				}
			}
		},
		"phantom": {
			"trigger": "minecraft:player_killed_entity",
			"conditions": {
				"entity": {
					"type": "phantom"
				}
			}
		},
		"pillager": {
			"trigger": "minecraft:player_killed_entity",
			"conditions": {
				"entity": {
					"type": "pillager"
				}
			}
		},
		"ravager": {
			"trigger": "minecraft:player_killed_entity",
			"conditions": {
				"entity": {
					"type": "ravager"
				}
			}
		},
		"shulker": {
			"trigger": "minecraft:player_killed_entity",
			"conditions": {
				"entity": {
					"type": "shulker"
				}
			}
		},
		"skeleton": {
			"trigger": "minecraft:player_killed_entity",
			"conditions": {
				"entity": {
					"type": "skeleton"
				}
			}
		},
		"slime": {
			"trigger": "minecraft:player_killed_entity",
			"conditions": {
				"entity": {
					"type": "slime"
				}
			}
		},
		"vex": {
			"trigger": "minecraft:player_killed_entity",
			"conditions": {
				"entity": {
					"type": "vex"
				}
			}
		},
		"vindicator": {
			"trigger": "minecraft:player_killed_entity",
			"conditions": {
				"entity": {
					"type": "vindicator"
				}
			}
		},
		"witch": {
			"trigger": "minecraft:player_killed_entity",
			"conditions": {
				"entity": {
					"type": "witch"
				}
			}
		},
		"wither_skeleton": {
			"trigger": "minecraft:player_killed_entity",
			"conditions": {
				"entity": {
					"type": "wither_skeleton"
				}
			}
		},
		"zombie_villager": {
			"trigger": "minecraft:player_killed_entity",
			"conditions": {
				"entity": {
					"type": "zombie_villager"
				}
			}
		},
		"zombie": {
			"trigger": "minecraft:player_killed_entity",
			"conditions": {
				"entity": {
					"type": "zombie"
				}
			}
		},
		"wither": {
			"trigger": "minecraft:player_killed_entity",
			"conditions": {
				"entity": {
					"type": "wither"
				}
			}
		},
		"piglin": {
			"trigger": "minecraft:player_killed_entity",
			"conditions": {
				"entity": {
					"type": "piglin"
				}
			}
		},
		"hoglin": {
			"trigger": "minecraft:player_killed_entity",
			"conditions": {
				"entity": {
					"type": "hoglin"
				}
			}
		},
		"zoglin": {
			"trigger": "minecraft:player_killed_entity",
			"conditions": {
				"entity": {
					"type": "zoglin"
				}
			}
		},
		"stray": {
			"trigger": "minecraft:player_killed_entity",
			"conditions": {
				"entity": {
					"type": "stray"
				}
			}
		},
		"warden": {
			"trigger": "minecraft:player_killed_entity",
			"conditions": {
				"entity": {
					"type": "warden"
				}
			}
		}
	},
	"rewards": {
		"experience": 500
	}
}
