{
	"display": {
		"icon": {
			"count": 1,
			"id": "minecraft:string",
			"components": {
                "minecraft:enchantments": {
                    "minecraft:unbreaking": 1
                }
            }
		},
		"title": {
			"translate": "Super spider",
			"color": "aqua"
		},
		"description": {
			"translate": "Kill a spider that has spawned with any effect",
			"color": "white"
		},
		"frame": "goal"
	},
	"parent": "skyblock:sand_island/killed_spider",
	"criteria": {
		"spider_with_strength": {
			"trigger": "minecraft:player_killed_entity",
			"conditions": {
				"entity": {
					"type": "spider",
					"effects": {
						"minecraft:strength": {}
					}
				}
			}
		},
		"spider_with_regeneration": {
			"trigger": "minecraft:player_killed_entity",
			"conditions": {
				"entity": {
					"type": "spider",
					"effects": {
						"minecraft:regeneration": {}
					}
				}
			}
		},
		"spider_with_speed": {
			"trigger": "minecraft:player_killed_entity",
			"conditions": {
				"entity": {
					"type": "spider",
					"effects": {
						"minecraft:speed": {}
					}
				}
			}
		},
		"spider_with_invisibility": {
			"trigger": "minecraft:player_killed_entity",
			"conditions": {
				"entity": {
					"type": "spider",
					"effects": {
						"minecraft:invisibility": {}
					}
				}
			}
		}
	},
	"requirements": [
		[
			"spider_with_strength",
			"spider_with_speed",
			"spider_with_regeneration",
			"spider_with_invisibility"
		]
	],
	"rewards": {
		"experience": 100
	}
}
