{
	"display": {
		"icon": {
			"count": 1,
			"id": "minecraft:bow",
			"components": {
                "minecraft:enchantments": {
                    "minecraft:unbreaking": 1
                }
            }
		},
		"title": {
			"translate": "Sniper dule",
			"color": "aqua"
		},
		"description": {
			"translate": "Kill a skeleton with an arrow from more than 50 meters away",
			"color": "white"
		},
		"frame": "goal"
	},
	"parent": "skyblock:sand_island/killed_skeleton",
	"criteria": {
		"killed_skeleton": {
			"trigger": "minecraft:player_killed_entity",
			"conditions": {
				"entity": {
					"type": "skeleton",
					"distance": {
						"horizontal": {
							"min": 50
						}
					}
				},
				"killing_blow": {
					"is_projectile": true
				}
			}
		}
	},
	"rewards": {
		"experience": 100
	}
}
