{
	"display": {
		"icon": {
			"count": 1,
			"id": "minecraft:axolotl_bucket",
			"components": {
                "minecraft:enchantments": {
                    "minecraft:unbreaking": 1
                }
            }
		},
		"title": {
			"translate": "Axolittle",
			"color": "aqua"
		},
		"description": {
			"translate": "Breed two axolotls using tropical fish in a bucket",
			"color": "white"
		},
		"frame": "goal"
	},
	"parent": "skyblock:cave_island/filled_axolotl_bucket",
	"criteria": {
		"requirement": {
			"trigger": "minecraft:bred_animals",
			"conditions": {
				"child": {
					"type": "minecraft:axolotl"
				}
			}
		}
	},
	"rewards": {
		"experience": 100
	}
}
