{
    "display": {
        "icon": {
            "count": 1,
			"id": "minecraft:decorated_pot",
			"components": {
                "minecraft:enchantments": {
                    "minecraft:unbreaking": 1
                }
            }
        },
		"title": {
            "translate": "A beautiful pot",
            "color": "aqua"
        },
        "description": {
            "translate": "Craft a decorated pot",
            "color": "white"
        }
    },
    "parent": "skyblock:cave_island/brush_suspicious_sand_or_gravel",
    "criteria": {
        "pot_crafted_using_only_sherds": {
			"conditions": {
				"ingredients": [
					{
						"tag": "minecraft:decorated_pot_sherds"
					},
					{
						"tag": "minecraft:decorated_pot_sherds"
					},
					{
						"tag": "minecraft:decorated_pot_sherds"
					},
					{
						"tag": "minecraft:decorated_pot_sherds"
					}
				],
				"recipe_id": "minecraft:decorated_pot"
			},
			"trigger": "minecraft:recipe_crafted"
		}
    }
}