{
    "display": {
        "icon": {
            "count": 1,
			"id": "minecraft:big_dripleaf",
            "components": {
                "minecraft:enchantments": {
                    "minecraft:unbreaking": 1
                }
            }
        },
        "title": {
            "translate": "Extreme fall",
            "color": "aqua"
        },
        "description": {
            "translate": "Fall and survive 64 blocks from a dripleaf and land on a stalagmite without water",
            "color": "white"
        },
        "frame": "challenge"
    },
    "parent": "skyblock:cave_island/fall_from_dripleaf",
    "criteria": {
        "requirement": {
            "trigger": "minecraft:fall_from_height",
            "conditions": {
                "player": [
                    {
                        "condition": "minecraft:inverted",
                        "term": {
                            "condition": "minecraft:entity_properties",
                            "entity": "this",
                            "predicate": {
                                "stepping_on": {
                                    "fluid": {
                                        "fluid": "minecraft:water"
                                    }
                                }
                            }
                        }
                    },
                    {
                        "condition": "minecraft:inverted",
                        "term": {
                            "condition": "minecraft:entity_properties",
                            "entity": "this",
                            "predicate": {
                                "stepping_on": {
                                    "fluid": {
                                        "fluid": "minecraft:flowing_water"
                                    }
                                }
                            }
                        }
                    },
                    {
                        "condition": "minecraft:entity_properties",
                        "entity": "this",
                        "predicate": {
                            "stepping_on": {
                                "block": {
                                    "blocks": [
                                        "minecraft:pointed_dripstone"
                                    ],
                                    "state": {
                                        "vertical_direction": "up",
                                        "thickness": "tip"
                                    }
                                }
                            }
                        }
                    }
                ],
                "start_position": {
                    "block": {
                        "blocks": [
                            "minecraft:big_dripleaf",
                            "minecraft:big_dripleaf_stem"
                        ]
                    }
                },
                "distance": {
                    "y": {
                        "min": 64
                    }
                }
            }
        }
    },
    "rewards": {
        "experience": 500
    }
}
