{
	"display": {
		"icon": {
			"count": 1,
			"id": "minecraft:dripstone_block"
		},
		"title": {
			"translate": "Dripping blocks",
			"color": "aqua"
		},
		"description": {
			"translate": "Get 64 dripstone blocks",
			"color": "white"
		}
	},
	"parent": "skyblock:cave_island/get_more_pointed_dripstones",
	"criteria": {
		"requirement": {
			"trigger": "minecraft:inventory_changed",
			"conditions": {
				"items": [
					{
						"items": [
							"minecraft:dripstone_block"
						],
						"count": 64
					}
				]
			}
		}
	}
}
