{
	"display": {
		"icon": {
			"count": 1,
			"id": "minecraft:warped_fungus_on_a_stick"
		},
		"title": {
			"translate": "Extreme navigator",
			"color": "aqua"
		},
		"description": {
			"translate": "Travel 50 blocks in lava riding a strider",
			"color": "white"
		},
		"frame": "goal"
	},
	"parent": "skyblock:cave_island/enter_lava_cauldron",
	"criteria": {
		"requirement": {
			"trigger": "minecraft:ride_entity_in_lava",
			"conditions": {
				"player": [
					{
						"condition": "minecraft:entity_properties",
						"entity": "this",
						"predicate": {
							"vehicle": {
								"type": "minecraft:strider"
							}
						}
					}
				],
				"distance": {
					"horizontal": {
						"min": 50
					}
				}
			}
		}
	},
	"rewards": {
		"experience": 100
	}
}
