{
	"display": {
		"icon": {
			"count": 1,
			"id": "minecraft:small_dripleaf"
		},
		"title": {
			"translate": "The little please",
			"color": "aqua"
		},
		"description": {
			"translate": "Trade small dripleaf with a wandering trader",
			"color": "white"
		}
	},
	"parent": "skyblock:cave_island/fall_from_dripleaf",
	"criteria": {
		"requirement": {
			"trigger": "minecraft:villager_trade",
			"conditions": {
				"villager": {
					"type": "minecraft:wandering_trader"
				},
				"item": {
					"items": [
						"minecraft:small_dripleaf"
					]
				}
			}
		}
	}
}
