{
	"display": {
		"icon": {
			"count": 1,
			"id": "minecraft:oak_sign"
		},
		"title": {
			"translate": "Bright posters",
			"color": "aqua"
		},
		"description": {
			"translate": "Use a glow ink sac in a sign",
			"color": "white"
		}
	},
	"parent": "skyblock:cave_island/killed_glow_squid",
	"criteria": {
		"requirement": {
			"conditions": {
				"location": [
					{
						"condition": "minecraft:match_tool",
						"predicate": {
							"items": [
								"minecraft:glow_ink_sac"
							]
						}
					},
					{
						"condition": "minecraft:location_check",
						"predicate": {
							"block": {
								"tag": "minecraft:all_signs"
							}
						}
					}
				]
			},
			"trigger": "minecraft:item_used_on_block"
		}
	}
}
